epoch,time,train/box_loss,train/seg_loss,train/cls_loss,train/dfl_loss,train/sem_loss,metrics/precision(B),metrics/recall(B),metrics/mAP50(B),metrics/mAP50-95(B),metrics/precision(M),metrics/recall(M),metrics/mAP50(M),metrics/mAP50-95(M),val/box_loss,val/seg_loss,val/cls_loss,val/dfl_loss,val/sem_loss,lr/pg0,lr/pg1,lr/pg2,lr/pg3,lr/pg4
1,55.6486,1.107,1.9836,0.41871,0.01459,0.84421,0.44305,0.4774,0.45059,0.32646,0.45496,0.47722,0.44844,0.32964,1.10037,1.96384,0.38265,0.01486,0,9.97525e-06,9.97525e-06,9.97525e-05,9.97525e-05,9.97525e-05
2,104.511,1.08376,1.97091,0.41433,0.01406,0.81511,0.43626,0.48324,0.4632,0.33608,0.47155,0.48536,0.46827,0.34985,1.08613,1.93707,0.37565,0.01489,0,1.98105e-05,1.98105e-05,0.000198105,0.000198105,0.000198105
3,153.481,1.08678,1.9456,0.4005,0.01397,0.77247,0.44948,0.47918,0.4649,0.34403,0.47343,0.48934,0.47096,0.35432,1.06741,1.92312,0.36902,0.01447,0,2.94807e-05,2.94807e-05,0.000294807,0.000294807,0.000294807
4,202.136,1.05233,1.86109,0.38699,0.01349,0.72517,0.45464,0.50875,0.47726,0.35354,0.46539,0.51396,0.47952,0.36354,1.04973,1.85505,0.36026,0.01441,0,2.92575e-05,2.92575e-05,0.000292575,0.000292575,0.000292575
5,250.815,1.05351,1.85009,0.37948,0.0137,0.70583,0.58187,0.49544,0.47801,0.35438,0.59768,0.49795,0.47631,0.36386,1.02907,1.82926,0.35784,0.01381,0,2.901e-05,2.901e-05,0.0002901,0.0002901,0.0002901
6,299.524,1.03407,1.84224,0.37831,0.01322,0.69499,0.44422,0.50368,0.47635,0.35758,0.58858,0.51732,0.47864,0.36573,1.02048,1.83019,0.35711,0.01347,0,2.87625e-05,2.87625e-05,0.000287625,0.000287625,0.000287625
7,348.316,1.04825,1.83908,0.37265,0.01319,0.68958,0.56996,0.50263,0.48258,0.36361,0.59246,0.51006,0.48198,0.36842,1.02126,1.80731,0.34904,0.01368,0,2.8515e-05,2.8515e-05,0.00028515,0.00028515,0.00028515
8,396.951,1.04039,1.81277,0.364,0.01344,0.67947,0.58395,0.50439,0.48701,0.36874,0.59719,0.51081,0.48537,0.37237,1.00721,1.7952,0.35231,0.01341,0,2.82675e-05,2.82675e-05,0.000282675,0.000282675,0.000282675
9,445.603,1.02734,1.8016,0.36503,0.01338,0.68185,0.57735,0.49891,0.48305,0.3633,0.59199,0.50646,0.48046,0.37024,1.00145,1.79952,0.34652,0.01332,0,2.802e-05,2.802e-05,0.0002802,0.0002802,0.0002802
10,494.238,1.02428,1.78403,0.36087,0.01277,0.6667,0.7059,0.4922,0.48507,0.36619,0.71783,0.50369,0.48327,0.37227,1.00384,1.82368,0.34665,0.01341,0,2.77725e-05,2.77725e-05,0.000277725,0.000277725,0.000277725
11,542.972,1.01886,1.77802,0.35774,0.01276,0.65485,0.58402,0.50199,0.48372,0.36661,0.5925,0.5095,0.47991,0.3724,1.00074,1.80087,0.34703,0.01338,0,2.7525e-05,2.7525e-05,0.00027525,0.00027525,0.00027525
12,591.598,1.02751,1.75968,0.35281,0.01312,0.6695,0.57898,0.50576,0.4812,0.36369,0.59001,0.49852,0.47702,0.36787,0.99331,1.8174,0.34657,0.01303,0,2.72775e-05,2.72775e-05,0.000272775,0.000272775,0.000272775
13,640.215,1.00744,1.74908,0.35416,0.01273,0.65433,0.58707,0.51144,0.48753,0.36983,0.59102,0.51635,0.4841,0.37577,0.99677,1.8257,0.34281,0.01341,0,2.703e-05,2.703e-05,0.0002703,0.0002703,0.0002703
14,688.942,1.01342,1.77296,0.34698,0.01323,0.66185,0.70737,0.49848,0.48398,0.36671,0.5809,0.50681,0.47828,0.37049,0.99647,1.80206,0.34226,0.01341,0,2.67825e-05,2.67825e-05,0.000267825,0.000267825,0.000267825
15,737.548,1.00929,1.76646,0.35267,0.01293,0.65598,0.59856,0.52101,0.48921,0.37107,0.59997,0.51763,0.48323,0.37497,0.98892,1.78471,0.3433,0.01322,0,2.6535e-05,2.6535e-05,0.00026535,0.00026535,0.00026535
16,786.335,1.01491,1.7631,0.35018,0.01282,0.64593,0.71582,0.49293,0.48378,0.36774,0.72257,0.50068,0.48285,0.37209,0.98301,1.77189,0.34034,0.01304,0,2.62875e-05,2.62875e-05,0.000262875,0.000262875,0.000262875
17,835.018,1.01508,1.73873,0.34195,0.01277,0.64265,0.57586,0.51955,0.48889,0.37256,0.58456,0.52752,0.48588,0.37475,0.993,1.83887,0.33764,0.0132,0,2.604e-05,2.604e-05,0.0002604,0.0002604,0.0002604
18,883.844,1.00734,1.75127,0.34231,0.01278,0.64938,0.58499,0.53728,0.49329,0.37722,0.58929,0.53894,0.48803,0.37648,0.98983,1.81943,0.33335,0.01322,0,2.57925e-05,2.57925e-05,0.000257925,0.000257925,0.000257925
19,932.505,0.99198,1.74343,0.34491,0.01252,0.64375,0.47698,0.51642,0.49379,0.38181,0.47972,0.51856,0.48848,0.37833,0.98286,1.78467,0.33601,0.01302,0,2.5545e-05,2.5545e-05,0.00025545,0.00025545,0.00025545
20,981.124,1.01108,1.73131,0.33695,0.01276,0.63623,0.46655,0.52408,0.49001,0.38069,0.46744,0.52379,0.48673,0.37557,0.9847,1.80375,0.33333,0.01324,0,2.52975e-05,2.52975e-05,0.000252975,0.000252975,0.000252975
21,1029.8,0.99092,1.74664,0.33794,0.01263,0.63522,0.46672,0.51613,0.49083,0.38221,0.46399,0.51519,0.48525,0.37593,0.98048,1.77552,0.3321,0.01292,0,2.505e-05,2.505e-05,0.0002505,0.0002505,0.0002505
22,1078.52,1.00424,1.72831,0.33629,0.01277,0.63726,0.46327,0.52677,0.49044,0.3827,0.46544,0.52134,0.48454,0.37474,0.97703,1.78808,0.32954,0.01285,0,2.48025e-05,2.48025e-05,0.000248025,0.000248025,0.000248025
23,1127.16,1.00938,1.73699,0.34204,0.01308,0.64485,0.59315,0.51309,0.48974,0.38125,0.58822,0.50805,0.47981,0.37272,0.97272,1.76991,0.33321,0.01289,0,2.4555e-05,2.4555e-05,0.00024555,0.00024555,0.00024555
24,1175.84,1.00004,1.71793,0.3322,0.01287,0.63598,0.59073,0.51765,0.49767,0.38699,0.59052,0.51759,0.49049,0.38123,0.97562,1.77701,0.33076,0.01294,0,2.43075e-05,2.43075e-05,0.000243075,0.000243075,0.000243075
25,1224.5,1.00613,1.72483,0.33585,0.01293,0.6423,0.57507,0.50919,0.49051,0.38532,0.57808,0.50894,0.48488,0.37653,0.97755,1.77097,0.32861,0.01276,0,2.406e-05,2.406e-05,0.0002406,0.0002406,0.0002406
26,1273.2,0.99449,1.733,0.33591,0.01257,0.63419,0.45474,0.51389,0.49449,0.38659,0.45635,0.51767,0.48897,0.37974,0.97185,1.7594,0.32826,0.01278,0,2.38125e-05,2.38125e-05,0.000238125,0.000238125,0.000238125
27,1321.92,0.98696,1.71641,0.33487,0.01231,0.61866,0.45228,0.52095,0.49381,0.38691,0.45472,0.52371,0.49043,0.37988,0.9809,1.75776,0.32136,0.01323,0,2.3565e-05,2.3565e-05,0.00023565,0.00023565,0.00023565
28,1370.59,1.00384,1.71478,0.33198,0.01268,0.62751,0.46141,0.52858,0.49477,0.39065,0.46468,0.53204,0.49186,0.3804,0.97691,1.77047,0.3249,0.01275,0,2.33175e-05,2.33175e-05,0.000233175,0.000233175,0.000233175
29,1419.39,0.98383,1.70846,0.33218,0.01232,0.62272,0.45719,0.52544,0.49297,0.39027,0.46802,0.52074,0.49046,0.37798,0.97434,1.758,0.32231,0.0129,0,2.307e-05,2.307e-05,0.0002307,0.0002307,0.0002307
30,1468.16,0.99111,1.71136,0.33076,0.01247,0.62976,0.46008,0.52188,0.49237,0.38847,0.59171,0.51749,0.48714,0.37559,0.96922,1.76376,0.32379,0.01263,0,2.28225e-05,2.28225e-05,0.000228225,0.000228225,0.000228225
31,1516.94,0.98749,1.72401,0.33217,0.01242,0.62779,0.46206,0.5132,0.49328,0.3898,0.4635,0.5176,0.48964,0.37732,0.97696,1.76768,0.32052,0.01297,0,2.2575e-05,2.2575e-05,0.00022575,0.00022575,0.00022575
32,1565.75,0.98407,1.70142,0.32728,0.01217,0.61958,0.45936,0.53178,0.48961,0.39105,0.4629,0.52682,0.48542,0.37405,0.96998,1.75999,0.32208,0.01265,0,2.23275e-05,2.23275e-05,0.000223275,0.000223275,0.000223275
33,1614.64,0.99504,1.71425,0.33019,0.0125,0.61997,0.46223,0.51313,0.49618,0.39419,0.47107,0.49882,0.48833,0.37482,0.96243,1.76842,0.32011,0.01256,0,2.208e-05,2.208e-05,0.0002208,0.0002208,0.0002208
34,1663.42,0.99159,1.71713,0.33544,0.01253,0.63182,0.45676,0.53156,0.49299,0.38889,0.46135,0.52428,0.48927,0.37624,0.97261,1.78564,0.32134,0.01293,0,2.18325e-05,2.18325e-05,0.000218325,0.000218325,0.000218325
35,1712.25,0.98486,1.71215,0.32787,0.01235,0.62249,0.45466,0.50763,0.48892,0.38843,0.45467,0.49795,0.48373,0.37217,0.97556,1.75979,0.3152,0.01294,0,2.1585e-05,2.1585e-05,0.00021585,0.00021585,0.00021585
36,1761.11,0.98458,1.692,0.32735,0.01238,0.61554,0.45369,0.52802,0.48699,0.39043,0.46188,0.52243,0.48641,0.37317,0.97952,1.79616,0.3143,0.01281,0,2.13375e-05,2.13375e-05,0.000213375,0.000213375,0.000213375
37,1809.94,0.97915,1.70335,0.32872,0.01226,0.62732,0.47271,0.52908,0.49125,0.39089,0.46084,0.52387,0.48562,0.3743,0.96925,1.76295,0.31858,0.01276,0,2.109e-05,2.109e-05,0.0002109,0.0002109,0.0002109
38,1858.75,0.98033,1.67788,0.32533,0.01249,0.61785,0.4933,0.5388,0.49485,0.3955,0.46134,0.52424,0.48717,0.37556,0.97253,1.75234,0.31529,0.01258,0,2.08425e-05,2.08425e-05,0.000208425,0.000208425,0.000208425
39,1907.58,0.97848,1.68612,0.32089,0.01218,0.60782,0.43525,0.52187,0.49141,0.39307,0.45139,0.50338,0.48318,0.37295,0.97328,1.74187,0.31352,0.01274,0,2.0595e-05,2.0595e-05,0.00020595,0.00020595,0.00020595
40,1956.49,0.97798,1.69564,0.32649,0.01247,0.62738,0.47952,0.53159,0.4945,0.3951,0.45091,0.5196,0.48864,0.37545,0.97182,1.74764,0.31408,0.0129,0,2.03475e-05,2.03475e-05,0.000203475,0.000203475,0.000203475
41,2005.3,0.98091,1.69117,0.32248,0.0124,0.62494,0.4898,0.53256,0.49715,0.39837,0.464,0.52191,0.4901,0.37493,0.97212,1.73524,0.31559,0.01303,0,2.01e-05,2.01e-05,0.000201,0.000201,0.000201
42,2054.05,0.97474,1.67765,0.32253,0.01223,0.62465,0.47738,0.50972,0.49659,0.39949,0.44677,0.49476,0.48613,0.37676,0.96161,1.75175,0.31327,0.01261,0,1.98525e-05,1.98525e-05,0.000198525,0.000198525,0.000198525
43,2102.74,0.98352,1.6887,0.31868,0.01239,0.60869,0.49558,0.50776,0.49539,0.40028,0.45902,0.49562,0.48694,0.37474,0.96642,1.74476,0.31097,0.0127,0,1.9605e-05,1.9605e-05,0.00019605,0.00019605,0.00019605
44,2151.43,0.97957,1.69559,0.32104,0.01229,0.60526,0.46292,0.53458,0.4989,0.40398,0.46166,0.52435,0.49269,0.37915,0.95566,1.78018,0.31432,0.01261,0,1.93575e-05,1.93575e-05,0.000193575,0.000193575,0.000193575
45,2200.12,0.97936,1.67568,0.31575,0.01234,0.61411,0.46584,0.5329,0.49679,0.40102,0.46922,0.51253,0.48968,0.37591,0.96533,1.74507,0.30923,0.01268,0,1.911e-05,1.911e-05,0.0001911,0.0001911,0.0001911
46,2248.74,0.97989,1.67764,0.32173,0.01224,0.61093,0.46253,0.51635,0.50078,0.40365,0.46223,0.51059,0.49354,0.38084,0.95576,1.74139,0.31023,0.0126,0,1.88625e-05,1.88625e-05,0.000188625,0.000188625,0.000188625
47,2297.53,0.98748,1.68784,0.32272,0.01238,0.6096,0.45953,0.52925,0.49683,0.40115,0.45843,0.52142,0.48968,0.37683,0.96024,1.73531,0.30998,0.01258,0,1.8615e-05,1.8615e-05,0.00018615,0.00018615,0.00018615
48,2346.18,0.96994,1.68066,0.31688,0.01191,0.61085,0.46571,0.52123,0.49714,0.40219,0.46839,0.5049,0.49069,0.3783,0.96097,1.74095,0.30917,0.01253,0,1.83675e-05,1.83675e-05,0.000183675,0.000183675,0.000183675
49,2394.84,0.97738,1.69402,0.3174,0.01226,0.61964,0.46707,0.52649,0.50314,0.4087,0.4526,0.51849,0.49562,0.38177,0.95515,1.73851,0.31186,0.01254,0,1.812e-05,1.812e-05,0.0001812,0.0001812,0.0001812
50,2443.52,0.98806,1.70035,0.31845,0.0123,0.60566,0.46782,0.52741,0.50111,0.40624,0.47155,0.51045,0.49446,0.38012,0.9546,1.77509,0.31091,0.01253,0,1.78725e-05,1.78725e-05,0.000178725,0.000178725,0.000178725
51,2492.29,0.9894,1.68976,0.31869,0.01237,0.61242,0.5262,0.52927,0.50318,0.40752,0.47336,0.51943,0.49469,0.3815,0.95746,1.77742,0.30377,0.01248,0,1.7625e-05,1.7625e-05,0.00017625,0.00017625,0.00017625
52,2540.93,0.97457,1.69248,0.31681,0.01243,0.61335,0.50052,0.52034,0.50267,0.40875,0.47651,0.50413,0.49521,0.38174,0.95846,1.74144,0.30707,0.01243,0,1.73775e-05,1.73775e-05,0.000173775,0.000173775,0.000173775
53,2589.64,0.96621,1.67282,0.31983,0.0121,0.61893,0.46176,0.52613,0.5025,0.41096,0.46361,0.51996,0.49523,0.38108,0.95677,1.76724,0.30468,0.01247,0,1.713e-05,1.713e-05,0.0001713,0.0001713,0.0001713
54,2638.32,0.97636,1.67761,0.31729,0.01237,0.6101,0.49438,0.53846,0.50098,0.40928,0.46755,0.51678,0.49416,0.38102,0.96017,1.72941,0.30239,0.01265,0,1.68825e-05,1.68825e-05,0.000168825,0.000168825,0.000168825
55,2687.08,0.97942,1.66061,0.31046,0.01232,0.60125,0.46255,0.51466,0.49823,0.40542,0.46879,0.50767,0.49302,0.38056,0.95702,1.72834,0.30491,0.01259,0,1.6635e-05,1.6635e-05,0.00016635,0.00016635,0.00016635
56,2735.73,0.97099,1.67338,0.31466,0.01225,0.61008,0.46048,0.53153,0.50305,0.41255,0.47244,0.51415,0.49776,0.38392,0.94868,1.73282,0.30583,0.01221,0,1.63875e-05,1.63875e-05,0.000163875,0.000163875,0.000163875
57,2784.41,0.97679,1.67902,0.31736,0.01222,0.60207,0.45907,0.51778,0.50164,0.41131,0.46028,0.50514,0.49456,0.38238,0.95014,1.72881,0.30647,0.01239,0,1.614e-05,1.614e-05,0.0001614,0.0001614,0.0001614
58,2833.15,0.96662,1.67237,0.31213,0.012,0.61191,0.46671,0.51917,0.50291,0.41088,0.46627,0.51195,0.4947,0.38305,0.95374,1.7217,0.30284,0.01252,0,1.58925e-05,1.58925e-05,0.000158925,0.000158925,0.000158925
59,2881.86,0.98349,1.65997,0.30986,0.01208,0.60028,0.46646,0.52842,0.50634,0.41357,0.4723,0.5222,0.49802,0.38125,0.95684,1.72634,0.30374,0.01248,0,1.5645e-05,1.5645e-05,0.00015645,0.00015645,0.00015645
60,2930.48,0.97187,1.68428,0.31143,0.01218,0.614,0.49108,0.52556,0.50392,0.41204,0.46719,0.51266,0.49654,0.38255,0.94543,1.7659,0.30517,0.01239,0,1.53975e-05,1.53975e-05,0.000153975,0.000153975,0.000153975
61,2979.19,0.97087,1.66602,0.30816,0.01198,0.60519,0.4683,0.54296,0.50521,0.41417,0.46824,0.52879,0.49736,0.38608,0.95175,1.72834,0.30256,0.01242,0,1.515e-05,1.515e-05,0.0001515,0.0001515,0.0001515
62,3027.96,0.97028,1.67227,0.30923,0.0121,0.60564,0.50619,0.53425,0.50535,0.41277,0.46855,0.52164,0.49762,0.3844,0.95439,1.72718,0.30415,0.01244,0,1.49025e-05,1.49025e-05,0.000149025,0.000149025,0.000149025
63,3076.63,0.97141,1.66955,0.30503,0.01195,0.6046,0.48982,0.5307,0.5057,0.41571,0.47058,0.52267,0.49663,0.38561,0.95547,1.73432,0.30366,0.01243,0,1.4655e-05,1.4655e-05,0.00014655,0.00014655,0.00014655
64,3125.32,0.9649,1.6797,0.31329,0.01178,0.60873,0.46614,0.52581,0.50904,0.41698,0.47263,0.51945,0.49876,0.38681,0.96145,1.72439,0.2977,0.01249,0,1.44075e-05,1.44075e-05,0.000144075,0.000144075,0.000144075
65,3174.09,0.963,1.66193,0.30949,0.01183,0.59606,0.49407,0.52655,0.50702,0.41436,0.48146,0.50878,0.49952,0.38532,0.96873,1.73164,0.29946,0.01283,0,1.416e-05,1.416e-05,0.0001416,0.0001416,0.0001416
66,3222.7,0.9688,1.65475,0.31206,0.01207,0.60877,0.46853,0.5227,0.505,0.41799,0.47893,0.50318,0.49867,0.38568,0.96379,1.72676,0.29916,0.01254,0,1.39125e-05,1.39125e-05,0.000139125,0.000139125,0.000139125
67,3271.32,0.96334,1.64421,0.30653,0.01185,0.59224,0.49644,0.54154,0.51268,0.42123,0.46377,0.52338,0.50257,0.38774,0.95972,1.73397,0.29894,0.01253,0,1.3665e-05,1.3665e-05,0.00013665,0.00013665,0.00013665
68,3320.01,0.96722,1.65566,0.30883,0.01216,0.60897,0.46156,0.53999,0.5075,0.41716,0.46564,0.52525,0.50056,0.38723,0.95531,1.73105,0.29919,0.01245,0,1.34175e-05,1.34175e-05,0.000134175,0.000134175,0.000134175
69,3368.77,0.97176,1.6347,0.30502,0.01222,0.60194,0.47262,0.52609,0.50459,0.417,0.4771,0.52,0.49872,0.38661,0.95415,1.72651,0.30138,0.01246,0,1.317e-05,1.317e-05,0.0001317,0.0001317,0.0001317
70,3417.38,0.96334,1.6499,0.30487,0.01172,0.5931,0.46637,0.52765,0.50809,0.42155,0.47147,0.51696,0.50071,0.38628,0.95186,1.72165,0.29775,0.01246,0,1.29225e-05,1.29225e-05,0.000129225,0.000129225,0.000129225
71,3466.08,0.97421,1.67032,0.31055,0.01237,0.61269,0.47406,0.52742,0.51005,0.4223,0.47844,0.52522,0.50266,0.38901,0.95777,1.71041,0.29438,0.01236,0,1.2675e-05,1.2675e-05,0.00012675,0.00012675,0.00012675
72,3514.79,0.96433,1.63088,0.30107,0.01198,0.59856,0.50187,0.54329,0.5105,0.42062,0.471,0.52685,0.50098,0.38655,0.95069,1.74168,0.29647,0.01238,0,1.24275e-05,1.24275e-05,0.000124275,0.000124275,0.000124275
73,3563.47,0.96281,1.63419,0.30265,0.01203,0.60489,0.5005,0.54345,0.51197,0.42502,0.47532,0.52735,0.50424,0.38806,0.94999,1.72685,0.29672,0.01248,0,1.218e-05,1.218e-05,0.0001218,0.0001218,0.0001218
74,3612.22,0.95602,1.65025,0.30452,0.01196,0.59697,0.46853,0.53389,0.50961,0.42259,0.48285,0.52563,0.50284,0.38937,0.95745,1.72449,0.29665,0.01239,0,1.19325e-05,1.19325e-05,0.000119325,0.000119325,0.000119325
75,3660.93,0.96056,1.65968,0.2989,0.0119,0.5983,0.49121,0.53141,0.51594,0.42773,0.48113,0.52391,0.50876,0.39158,0.9586,1.71756,0.2969,0.01243,0,1.1685e-05,1.1685e-05,0.00011685,0.00011685,0.00011685
76,3709.68,0.95872,1.65977,0.30754,0.01207,0.60356,0.50846,0.54433,0.50618,0.41927,0.47686,0.52724,0.50009,0.38448,0.94886,1.72257,0.29853,0.01236,0,1.14375e-05,1.14375e-05,0.000114375,0.000114375,0.000114375
77,3758.32,0.9554,1.66136,0.30361,0.0121,0.61121,0.48547,0.54265,0.51182,0.42359,0.49054,0.53425,0.50553,0.3884,0.96102,1.72871,0.29337,0.01253,0,1.119e-05,1.119e-05,0.0001119,0.0001119,0.0001119
78,3806.92,0.95848,1.62545,0.29826,0.01185,0.5963,0.48723,0.53164,0.5137,0.424,0.48837,0.52893,0.50715,0.39017,0.95722,1.71451,0.29662,0.01247,0,1.09425e-05,1.09425e-05,0.000109425,0.000109425,0.000109425
79,3855.53,0.95889,1.65436,0.29975,0.01194,0.60752,0.49881,0.54125,0.51108,0.42486,0.47682,0.52669,0.5035,0.38811,0.95481,1.72969,0.29214,0.01241,0,1.0695e-05,1.0695e-05,0.00010695,0.00010695,0.00010695
80,3904.29,0.97188,1.63876,0.29875,0.01195,0.58576,0.51345,0.5432,0.51315,0.42645,0.49024,0.53389,0.50574,0.38871,0.9509,1.73373,0.29541,0.01243,0,1.04475e-05,1.04475e-05,0.000104475,0.000104475,0.000104475
81,3952.99,0.95506,1.62566,0.30087,0.01178,0.59706,0.48457,0.53858,0.51148,0.42522,0.4916,0.53273,0.50563,0.39083,0.9529,1.72697,0.29418,0.01225,0,1.02e-05,1.02e-05,0.000102,0.000102,0.000102
82,4001.67,0.95385,1.63556,0.29482,0.01169,0.59435,0.50291,0.54987,0.51459,0.42822,0.47914,0.5285,0.50727,0.39108,0.9598,1.74092,0.28977,0.0125,0,9.9525e-06,9.9525e-06,9.9525e-05,9.9525e-05,9.9525e-05
83,4050.44,0.96114,1.63276,0.29698,0.0117,0.59862,0.48139,0.53662,0.51345,0.42698,0.48795,0.52671,0.50584,0.3913,0.95994,1.72291,0.28873,0.01253,0,9.705e-06,9.705e-06,9.705e-05,9.705e-05,9.705e-05
84,4099.25,0.95831,1.63431,0.29817,0.01204,0.59905,0.49596,0.55702,0.51648,0.42692,0.47655,0.54365,0.50809,0.39157,0.95001,1.73547,0.29258,0.01241,0,9.4575e-06,9.4575e-06,9.4575e-05,9.4575e-05,9.4575e-05
85,4147.94,0.96257,1.64578,0.30024,0.01183,0.59217,0.49826,0.54937,0.51511,0.42877,0.48617,0.53518,0.50709,0.39243,0.955,1.7197,0.29149,0.01244,0,9.21e-06,9.21e-06,9.21e-05,9.21e-05,9.21e-05
86,4196.74,0.95214,1.61078,0.29513,0.01156,0.5913,0.49057,0.54237,0.51427,0.42907,0.49766,0.53194,0.50809,0.39267,0.95291,1.71681,0.29252,0.01249,0,8.9625e-06,8.9625e-06,8.9625e-05,8.9625e-05,8.9625e-05
87,4245.45,0.95779,1.64322,0.29814,0.01168,0.60263,0.49854,0.54348,0.51646,0.42837,0.47945,0.53653,0.50906,0.39125,0.95997,1.72331,0.29192,0.01262,0,8.715e-06,8.715e-06,8.715e-05,8.715e-05,8.715e-05
88,4294.12,0.96569,1.62872,0.29534,0.01201,0.59591,0.48268,0.53439,0.51292,0.42633,0.48163,0.52802,0.50597,0.38964,0.95246,1.72118,0.2947,0.01243,0,8.4675e-06,8.4675e-06,8.4675e-05,8.4675e-05,8.4675e-05
89,4342.75,0.96473,1.63461,0.29784,0.01175,0.59497,0.51454,0.55396,0.5162,0.42802,0.48642,0.53237,0.50743,0.39203,0.94662,1.71117,0.29423,0.01235,0,8.22e-06,8.22e-06,8.22e-05,8.22e-05,8.22e-05
90,4391.42,0.96093,1.62277,0.29672,0.01174,0.59742,0.49447,0.54809,0.51682,0.42962,0.49515,0.5328,0.50912,0.39255,0.95121,1.72044,0.29193,0.0124,0,7.9725e-06,7.9725e-06,7.9725e-05,7.9725e-05,7.9725e-05
91,4440.23,0.95713,1.64065,0.29495,0.01151,0.58987,0.50812,0.54562,0.51411,0.42755,0.48473,0.53504,0.50715,0.39249,0.95629,1.71519,0.29232,0.01259,0,7.725e-06,7.725e-06,7.725e-05,7.725e-05,7.725e-05
92,4488.88,0.95327,1.63216,0.29543,0.01184,0.5981,0.50516,0.5462,0.51737,0.42959,0.48741,0.53111,0.50887,0.3912,0.94815,1.73033,0.29443,0.01233,0,7.4775e-06,7.4775e-06,7.4775e-05,7.4775e-05,7.4775e-05
93,4537.52,0.95391,1.62831,0.29584,0.0119,0.59556,0.50203,0.55886,0.51567,0.42848,0.48393,0.53602,0.5088,0.39354,0.95172,1.71871,0.29081,0.01235,0,7.23e-06,7.23e-06,7.23e-05,7.23e-05,7.23e-05
94,4586.16,0.95492,1.61607,0.2947,0.01202,0.60205,0.50968,0.55467,0.51689,0.42699,0.47988,0.53299,0.50897,0.39172,0.96015,1.73793,0.28758,0.0127,0,6.9825e-06,6.9825e-06,6.9825e-05,6.9825e-05,6.9825e-05
95,4634.98,0.94867,1.61087,0.29321,0.01172,0.60058,0.51273,0.55036,0.5186,0.42917,0.49129,0.53709,0.51096,0.39373,0.95707,1.72302,0.28915,0.01256,0,6.735e-06,6.735e-06,6.735e-05,6.735e-05,6.735e-05
96,4683.68,0.96335,1.63672,0.29424,0.0118,0.59279,0.50584,0.54906,0.51798,0.42985,0.49341,0.53585,0.51102,0.39358,0.95087,1.75155,0.29067,0.01235,0,6.4875e-06,6.4875e-06,6.4875e-05,6.4875e-05,6.4875e-05
97,4732.36,0.96413,1.61674,0.29215,0.01204,0.59833,0.50078,0.55105,0.51814,0.42727,0.48762,0.54099,0.51175,0.39311,0.95027,1.75296,0.29306,0.01238,0,6.24e-06,6.24e-06,6.24e-05,6.24e-05,6.24e-05
98,4781,0.96032,1.63059,0.2936,0.01163,0.5927,0.51055,0.54626,0.51691,0.42799,0.4922,0.53336,0.51026,0.39208,0.95688,1.72276,0.29064,0.01261,0,5.9925e-06,5.9925e-06,5.9925e-05,5.9925e-05,5.9925e-05
99,4829.77,0.95451,1.6223,0.28993,0.01167,0.5896,0.50331,0.53945,0.5181,0.4288,0.48773,0.5333,0.51068,0.39362,0.95616,1.71458,0.28759,0.01265,0,5.745e-06,5.745e-06,5.745e-05,5.745e-05,5.745e-05
100,4878.3,0.96439,1.64056,0.29525,0.01185,0.59281,0.50214,0.54717,0.51691,0.42985,0.49074,0.52959,0.5103,0.39131,0.95737,1.72479,0.28561,0.01246,0,5.4975e-06,5.4975e-06,5.4975e-05,5.4975e-05,5.4975e-05
101,4926.83,0.95404,1.639,0.29369,0.01177,0.60385,0.49357,0.52939,0.51739,0.43029,0.49307,0.52517,0.51111,0.39287,0.95303,1.72704,0.28691,0.01262,0,5.25e-06,5.25e-06,5.25e-05,5.25e-05,5.25e-05
102,4975.5,0.95443,1.62378,0.29222,0.01179,0.60411,0.48722,0.53869,0.51723,0.42987,0.48778,0.52529,0.51026,0.3927,0.95526,1.72668,0.28832,0.01242,0,5.0025e-06,5.0025e-06,5.0025e-05,5.0025e-05,5.0025e-05
103,5024.04,0.946,1.64875,0.30208,0.01181,0.60211,0.50775,0.545,0.51884,0.42809,0.49129,0.52912,0.51108,0.39189,0.96074,1.72089,0.28399,0.01257,0,4.755e-06,4.755e-06,4.755e-05,4.755e-05,4.755e-05
104,5072.45,0.9586,1.62688,0.29277,0.0118,0.59745,0.48623,0.53938,0.51635,0.42618,0.49253,0.53636,0.50996,0.39099,0.96325,1.70961,0.28448,0.01264,0,4.5075e-06,4.5075e-06,4.5075e-05,4.5075e-05,4.5075e-05
105,5120.84,0.94918,1.61795,0.29382,0.01168,0.59206,0.5175,0.54222,0.5194,0.43085,0.49236,0.5357,0.51095,0.39364,0.95181,1.7199,0.28731,0.01246,0,4.26e-06,4.26e-06,4.26e-05,4.26e-05,4.26e-05
106,5169.4,0.96008,1.6467,0.29184,0.01172,0.58734,0.50864,0.55058,0.51964,0.42969,0.48654,0.53441,0.51022,0.39292,0.95373,1.72726,0.28684,0.01244,0,4.0125e-06,4.0125e-06,4.0125e-05,4.0125e-05,4.0125e-05
107,5217.74,0.95214,1.6205,0.28823,0.01173,0.59196,0.47268,0.55381,0.5177,0.43058,0.48509,0.53643,0.5114,0.39354,0.95559,1.71452,0.28613,0.01247,0,3.765e-06,3.765e-06,3.765e-05,3.765e-05,3.765e-05
108,5266.16,0.95702,1.6288,0.29055,0.01175,0.59279,0.48647,0.5492,0.52012,0.43166,0.49305,0.54206,0.51277,0.39326,0.95357,1.71691,0.28683,0.01248,0,3.5175e-06,3.5175e-06,3.5175e-05,3.5175e-05,3.5175e-05
109,5314.58,0.9608,1.6204,0.28964,0.01181,0.58787,0.49561,0.54519,0.5195,0.43014,0.49901,0.53554,0.51056,0.39271,0.96161,1.7115,0.2857,0.01262,0,3.27e-06,3.27e-06,3.27e-05,3.27e-05,3.27e-05
110,5363.04,0.96502,1.62593,0.29158,0.01191,0.59601,0.51352,0.54755,0.52138,0.43156,0.4879,0.53299,0.51369,0.39493,0.95562,1.70972,0.28544,0.01257,0,3.0225e-06,3.0225e-06,3.0225e-05,3.0225e-05,3.0225e-05
111,5411.48,0.95835,1.63418,0.28816,0.01171,0.58703,0.48936,0.54701,0.52029,0.43064,0.49062,0.53961,0.5125,0.39479,0.95486,1.7232,0.28737,0.01247,0,2.775e-06,2.775e-06,2.775e-05,2.775e-05,2.775e-05
112,5459.9,0.9541,1.63094,0.29052,0.01174,0.59492,0.51006,0.54528,0.51915,0.42937,0.50963,0.54057,0.51283,0.39454,0.95566,1.70653,0.28788,0.01249,0,2.5275e-06,2.5275e-06,2.5275e-05,2.5275e-05,2.5275e-05
113,5508.36,0.963,1.63937,0.29045,0.01169,0.59643,0.49959,0.55038,0.51949,0.42935,0.48935,0.53332,0.512,0.39364,0.95296,1.72302,0.28699,0.01244,0,2.28e-06,2.28e-06,2.28e-05,2.28e-05,2.28e-05
114,5556.76,0.96352,1.61518,0.28901,0.01189,0.58689,0.50714,0.54741,0.52015,0.43301,0.49152,0.53831,0.51351,0.39396,0.95271,1.72042,0.28621,0.01235,0,2.0325e-06,2.0325e-06,2.0325e-05,2.0325e-05,2.0325e-05
115,5605.21,0.95945,1.63023,0.2885,0.0118,0.60095,0.48829,0.55193,0.52032,0.43008,0.48927,0.53098,0.51246,0.39464,0.95649,1.72031,0.28642,0.01248,0,1.785e-06,1.785e-06,1.785e-05,1.785e-05,1.785e-05
116,5653.74,0.96065,1.62696,0.28722,0.01187,0.58617,0.48376,0.54504,0.51991,0.42984,0.49045,0.53787,0.51128,0.39454,0.95271,1.71259,0.2866,0.01244,0,1.5375e-06,1.5375e-06,1.5375e-05,1.5375e-05,1.5375e-05
117,5702.44,0.94531,1.60905,0.28725,0.0114,0.58597,0.48113,0.54116,0.51908,0.42904,0.48989,0.53506,0.51143,0.39416,0.95867,1.71202,0.28498,0.01256,0,1.29e-06,1.29e-06,1.29e-05,1.29e-05,1.29e-05
118,5751.05,0.94978,1.61884,0.29575,0.01181,0.59603,0.49067,0.54269,0.52049,0.43034,0.4929,0.53687,0.51345,0.3933,0.95314,1.70396,0.28761,0.01247,0,1.0425e-06,1.0425e-06,1.0425e-05,1.0425e-05,1.0425e-05
119,5799.61,0.93849,1.62161,0.29372,0.01166,0.59879,0.47324,0.55063,0.51963,0.43042,0.49332,0.53792,0.51138,0.39347,0.95444,1.71383,0.28659,0.01243,0,7.95e-07,7.95e-07,7.95e-06,7.95e-06,7.95e-06
120,5848.19,0.95307,1.62713,0.29229,0.01173,0.59396,0.50594,0.55766,0.51974,0.42794,0.48283,0.54253,0.51086,0.3935,0.95835,1.71636,0.28664,0.01251,0,5.475e-07,5.475e-07,5.475e-06,5.475e-06,5.475e-06
